id,shortname
2q5pvrg3,mii-unsecure-mockup-feb-2024
2s785t4b,display-binary-float-matrix
4vj2opfn,mii-amiibo-decoder
4wh179n3,ariankordi-net-mockup-2018
8gvynrdu,threejs-mii-shader
8sghudc4,mii-effsd-poc-0
30ypesn4,mii-unsecure-conversion-poc
31e28x0L,studio2mii
52u3wntz,ffl-res-parse-toy
caw2nfq9,_DONOTINCLUDE-dht-html-sample
ckya346z,mii-tomo-dachi-topia-qr-tool
dvnym03t,mii-ffsd-struct-fu
egmvt5o9,threejs-mii-accurate-body-scaling
f6daxrjt,ksy-to-struct-fu-poc
fd7kc0ou,neet-host-mockup-2019
gzdqrmnu,struct-alignment-visualizer
h31tdg7r,mii-qr-scanner
hwokt9sr,mii-effsd-poc-1
jwfac390,miitomo-mii-data-decoder
jxo0z1bw,mii-tomocolle-ds-to-wii
m3bLgoaj,glsl-uniform-alignment-visualizer
mk5qahvw,mii-qr-encoder
mn6k21yt,mii-unsecure-nnid-studio-display
n8fesLdj,ver3-commoncolor-map-visualizer
o1gf9k4q,miiverse-ban-kys-fade-dream
ohe78gxq,xor-decoder-for-miitomo-java-obfs
qt8150e7,nnid-password-hasher
rn6f8p24,mii2studio-js-tool
tpdu640x,mii-db-parser
tpdu640x,mii-db-ffl-cfl-parser
vhnmrgp3,mii-id-ffsd-to-date
wzfpxa3L,zendesk-uploader-2020
x5s9yuLb,cedar2-logo-mockup-2020
za32o6dc,mii-color-tables-studio
zj9gnm2x,old-mii2studio-attempt-2019
4Lvxf3s0,mii-wiimote-eeprom-reader
w15zs3vn,_DONOTINCLUDE-pfmcom-mii-fusion-preview
